{
  "running": true,
  "run_id": "lamp_65_c_45_min_20260326_140710",
  "protocol": {
    "id": "lamp45",
    "name": "LAMP · 65 °C · 45 min",
    "temperature_c": 65,
    "duration_min": 45,
    "warmup_min": 1,
    "read_interval_s": 30
  },
  "frames_captured": 19,
  "last_file": "0019_20260326_141613.jpg",
  "current_time_min": 9.0,
  "current_temp_c": null,
  "heater_status": "idle",
  "assay_status": "stopping",
  "chambers": [
    {
      "chamber_id": 1,
      "t_all": [
        0.0,
        0.5,
        1.0,
        1.5,
        2.0,
        2.5,
        3.0,
        3.5,
        4.0,
        4.5,
        5.0,
        5.5,
        6.0,
        6.5,
        7.0,
        7.5,
        8.0,
        8.5,
        9.0
      ],
      "corrected_display": [
        0.0,
        0.0,
        0.0,
        0.0,
        0.0,
        0.0,
        0.0,
        33142.2,
        31503.43,
        22358.8295,
        16643.039175,
        25193.875463750002,
        27418.519051437503,
        22666.737383434378,
        15955.579299232348,
        19395.526544501026,
        18969.392253925667,
        285111.7049650517,
        329260.1082272836
      ],
      "status_text": "searching",
      "threshold_time": null,
      "completion_time": null,
      "confirmed": false,
      "rejected_segments": 0
    },
    {
      "chamber_id": 2,
      "t_all": [
        0.0,
        0.5,
        1.0,
        1.5,
        2.0,
        2.5,
        3.0,
        3.5,
        4.0,
        4.5,
        5.0,
        5.5,
        6.0,
        6.5,
        7.0,
        7.5,
        8.0,
        8.5,
        9.0
      ],
      "corrected_display": [
        0.0,
        0.0,
        0.0,
        0.0,
        0.0,
        0.0,
        0.0,
        47664.399999999994,
        32546.359999999997,
        24746.834,
        21743.5421,
        19029.802365,
        35962.87153725,
        30712.566499212502,
        24198.868224488127,
        22750.264345917283,
        18849.071824846236,
        338299.99668615,
        327363.1978459975
      ],
      "status_text": "searching",
      "threshold_time": null,
      "completion_time": null,
      "confirmed": false,
      "rejected_segments": 0
    },
    {
      "chamber_id": 3,
      "t_all": [
        0.0,
        0.5,
        1.0,
        1.5,
        2.0,
        2.5,
        3.0,
        3.5,
        4.0,
        4.5,
        5.0,
        5.5,
        6.0,
        6.5,
        7.0,
        7.5,
        8.0,
        8.5,
        9.0
      ],
      "corrected_display": [
        0.0,
        0.0,
        0.0,
        0.0,
        0.0,
        0.0,
        0.0,
        51464.0,
        53444.299999999996,
        72052.995,
        64225.946749999996,
        49242.4653875,
        50642.302501875,
        42261.09662621875,
        37346.01280704219,
        41466.90832457742,
        42044.090410975325,
        336221.15876713395,
        434564.45319863706
      ],
      "status_text": "searching",
      "threshold_time": null,
      "completion_time": null,
      "confirmed": false,
      "rejected_segments": 0
    },
    {
      "chamber_id": 4,
      "t_all": [
        0.0,
        0.5,
        1.0,
        1.5,
        2.0,
        2.5,
        3.0,
        3.5,
        4.0,
        4.5,
        5.0,
        5.5,
        6.0,
        6.5,
        7.0,
        7.5,
        8.0,
        8.5,
        9.0
      ],
      "corrected_display": [
        0.0,
        0.0,
        0.0,
        0.0,
        0.0,
        0.0,
        0.0,
        37167.899999999994,
        37370.935,
        40122.30775,
        46346.6000375,
        43803.290024375005,
        55793.83851584375,
        56513.49503529844,
        55537.87177294398,
        52918.516652413586,
        55969.63582406883,
        308665.56328564475,
        368475.81613566907
      ],
      "status_text": "tracking rise",
      "threshold_time": null,
      "completion_time": null,
      "confirmed": false,
      "rejected_segments": 0
    },
    {
      "chamber_id": 5,
      "t_all": [
        0.0,
        0.5,
        1.0,
        1.5,
        2.0,
        2.5,
        3.0,
        3.5,
        4.0,
        4.5,
        5.0,
        5.5,
        6.0,
        6.5,
        7.0,
        7.5,
        8.0,
        8.5,
        9.0
      ],
      "corrected_display": [
        0.0,
        0.0,
        0.0,
        0.0,
        0.0,
        0.0,
        0.0,
        0.0,
        0.0,
        0.0,
        0.0,
        0.0,
        0.0,
        0.0,
        0.0,
        59278.78442459942,
        43138.60987598963,
        233221.99641939325,
        268415.19767260563
      ],
      "status_text": "searching",
      "threshold_time": null,
      "completion_time": null,
      "confirmed": false,
      "rejected_segments": 1
    }
  ],
  "log": [
    "[14:07:10] Run created: lamp_65_c_45_min_20260326_140710",
    "[14:07:10] Image folder: runs/images/lamp_65_c_45_min_20260326_140710",
    "[14:07:12] Protocol loaded: LAMP · 65 °C · 45 min",
    "[14:07:20] Frame 001 captured: 0001_20260326_140713.jpg",
    "[14:07:48] Frame 002 captured: 0002_20260326_140743.jpg",
    "[14:08:18] Frame 003 captured: 0003_20260326_140813.jpg",
    "[14:08:48] Frame 004 captured: 0004_20260326_140843.jpg",
    "[14:09:18] Frame 005 captured: 0005_20260326_140913.jpg",
    "[14:09:48] Frame 006 captured: 0006_20260326_140943.jpg",
    "[14:10:18] Frame 007 captured: 0007_20260326_141013.jpg",
    "[14:10:48] Frame 008 captured: 0008_20260326_141043.jpg",
    "[14:11:18] Frame 009 captured: 0009_20260326_141113.jpg",
    "[14:11:48] Frame 010 captured: 0010_20260326_141143.jpg",
    "[14:12:18] Frame 011 captured: 0011_20260326_141213.jpg",
    "[14:12:48] Frame 012 captured: 0012_20260326_141243.jpg",
    "[14:13:18] Frame 013 captured: 0013_20260326_141313.jpg",
    "[14:13:48] Frame 014 captured: 0014_20260326_141343.jpg",
    "[14:14:18] Frame 015 captured: 0015_20260326_141413.jpg",
    "[14:14:48] Frame 016 captured: 0016_20260326_141443.jpg",
    "[14:15:18] Frame 017 captured: 0017_20260326_141513.jpg",
    "[14:15:48] Frame 018 captured: 0018_20260326_141543.jpg",
    "[14:16:18] Frame 019 captured: 0019_20260326_141613.jpg",
    "[14:16:39] Stop requested"
  ],
  "image_dir": "runs/images/lamp_65_c_45_min_20260326_140710",
  "log_file": "runs/logs/lamp_65_c_45_min_20260326_140710.json"
}